{
    "s132": 2.740048,
    "s254": 6.241685,
    "s311": 30.664086,
    "s4121": 0.969872,
    "vtv": 8.169027,
    "s252": 1.575667,
    "s3112": 3.167115,
    "s162": 3.09038,
    "s221": 3.144478,
    "s422": 6.313714,
    "s312": 30.584426,
    "vpvts": 1.031854,
    "s251": 5.159328,
    "s3251": 11.926761,
    "vpvtv": 4.247439,
    "s115": 9.632516,
    "s471": 0.881359,
    "vpv": 8.22281,
    "vbor": 0.767991,
    "s212": 3.101011,
    "s1232": 8.763762,
    "s235": 24.391923,
    "s231": 0.666599,
    "s131": 4.310404,
    "s257": 4.064138,
    "s1244": 3.330747,
    "s256": 0.866311,
    "s2233": 17.37242,
    "s452": 4.004546,
    "s424": 4.144059,
    "s319": 12.297496,
    "s1351": 7.934086,
    "s423": 4.170232,
    "s1119": 1.25938,
    "s174": 5.160967,
    "s241": 6.22971,
    "s242": 3.146964,
    "s151": 4.31016,
    "s317": 7.640698,
    "vtvtv": 3.910279,
    "s323": 3.138845,
    "s1251": 7.661765,
    "s321": 6.119239,
    "s322": 4.593698,
    "s176": 0.598115,
    "s451": 3.679182,
    "s222": 1.548944,
    "s152": 3.154177,
    "vpvpv": 3.994349,
    "s431": 7.893431,
    "s119": 1.569089,
    "s1281": 8.288212,
    "va": 6.625334,
    "s114": 5.643733,
    "s281": 3.0844,
    "s293": 4.28623,
    "s421": 3.518175,
    "s244": 3.285471,
    "s2101": 0.433375,
    "s113": 3.480524,
    "s2275": 19.425324,
    "s2251": 2.869704,
    "s276": 8.092962,
    "s211": 3.019169,
    "s233": 105.880733,
    "s1221": 0.794775,
    "s173": 4.165892,
    "s453": 6.279519,
    "s261": 3.134765,
    "s2111": 12.794734,
    "vsumr": 30.670755,
    "s1112": 2.482459,
    "s2102": 22.220509,
    "s1115": 5.751003,
    "vdotr": 30.798885,
    "s112": 3.394161,
    "s1213": 2.271435,
    "s313": 15.316956,
    "s1421": 3.347165,
    "s243": 3.269681,
    "s118": 7.230646,
    "s2244": 1.685231,
    "s255": 3.062394,
    "s1111": 2.198384,
    "s232": 2.249632
}